{
    "enabled": {
        "skele": true,
        "box": true,
        "snap": false,
        "distance": true,
        "name": true,
        "fov": false,
        "streamproof": false,
        "textoutline": true
    },
    "SKELE_VISIBLE": [
        1.0,
        1.0,
        0.0,
        1.0
    ],
    "SKELE_NON_VISIBLE": [
        1.0,
        1.0,
        1.0,
        0.0
    ],
    "BOX_VISIBLE": [
        1.0,
        1.0,
        0.0,
        1.0
    ],
    "BOX_NON_VISIBLE": [
        1.0,
        1.0,
        0.9294117647058824,
        0.0
    ],
    "SNAP_VISIBLE": [
        1.0,
        0.0,
        1.0,
        0.0
    ],
    "SNAP_NON_VISIBLE": [
        1.0,
        0.0,
        0.0,
        1.0
    ],
    "FOV": [
        1.0,
        0.0,
        0.0,
        0.0
    ],
    "IGN": [
        1.0,
        1.0,
        1.0,
        1.0
    ],
    "DISTANCE": [
        1.0,
        1.0,
        1.0,
        1.0
    ],
    "OUTLINE": [
        1.0,
        1.0,
        0.0,
        0.1803921568627451
    ],
    "skele_visible_rgba": [
        1.0,
        0.0,
        1.0,
        1.0
    ],
    "skele_non_visible_rgba": [
        0.0,
        1.0,
        1.0,
        1.0
    ],
    "box_visible_rgba": [
        1.0,
        0.0,
        1.0,
        1.0
    ],
    "box_non_visible_rgba": [
        0.0,
        0.9302325248718262,
        1.0,
        1.0
    ],
    "snap_visible_rgba": [
        0.0,
        1.0,
        0.0,
        1.0
    ],
    "snap_non_visible_rgba": [
        1.0,
        0.0,
        0.0,
        1.0
    ],
    "fov_rgba": [
        9.999999974752427e-07,
        9.999899930335232e-07,
        9.999899930335232e-07,
        1.0
    ],
    "ign_rgba": [
        0.9999954700469971,
        1.0,
        0.9999899864196777,
        1.0
    ],
    "distance_rgba": [
        0.9999899864196777,
        1.0,
        0.9999995827674866,
        1.0
    ],
    "outline_rgba": [
        0.17993402481079102,
        0.0,
        1.0,
        1.0
    ]
}